unique.experiment.id,dose1,dose2,dose3,dose4,dose5,dose6
NCI-H1048_Acadesine,0.001528,0.004583,0.01375,0.04125,0.12375,0.37125
380_XMD8-85,0.001528,0.004583,0.01375,0.04125,0.12375,NA