unique.experiment.id,dose1,dose2,dose3,dose4,dose5,dose6
NCI-H1048_Acadesine,99.89466,89.47876,86.5826733,73.9341949,71.748281,68.829123
380_XMD8-85,97.3491,96.482238,90.8890157,106.2000039,84.8888717,NA