Gene.id,MPP 89,NCI-H1048,380
ENSG00000000003.15,5.677246,6.117843,6.828962
ENSG00000067048.17,6.748462,6.621223,7.518115
ENSG00000066557.6,7.296302,5.793411,11.341132